Rk,Player,Nation,Pos,Squad,Comp,Age,Born,MP,Starts,Min,90s,Gls,Ast,G+A,G-PK,PK,PKatt,CrdY,CrdR,xG,npxG,xAG,npxG+xAG,PrgC,PrgP,PrgR,G+A-PK,xG+xAG,Rk_stats_shooting,Nation_stats_shooting,Pos_stats_shooting,Comp_stats_shooting,Age_stats_shooting,Born_stats_shooting,90s_stats_shooting,Gls_stats_shooting,Sh,SoT,SoT%,Sh/90,SoT/90,G/Sh,G/SoT,Dist,FK,PK_stats_shooting,PKatt_stats_shooting,xG_stats_shooting,npxG_stats_shooting,npxG/Sh,G-xG,np:G-xG,Rk_stats_passing,Nation_stats_passing,Pos_stats_passing,Comp_stats_passing,Age_stats_passing,Born_stats_passing,90s_stats_passing,Cmp,Att,Cmp%,TotDist,PrgDist,Ast_stats_passing,xAG_stats_passing,xA,A-xAG,KP,1/3,PPA,CrsPA,PrgP_stats_passing,Rk_stats_passing_types,Nation_stats_passing_types,Pos_stats_passing_types,Comp_stats_passing_types,Age_stats_passing_types,Born_stats_passing_types,90s_stats_passing_types,Att_stats_passing_types,Live,Dead,FK_stats_passing_types,TB,Sw,Crs,TI,CK,In,Out,Str,Cmp_stats_passing_types,Off,Blocks,Rk_stats_gca,Nation_stats_gca,Pos_stats_gca,Comp_stats_gca,Age_stats_gca,Born_stats_gca,90s_stats_gca,SCA,SCA90,PassLive,PassDead,TO,Sh_stats_gca,Fld,Def,GCA,GCA90,Rk_stats_defense,Nation_stats_defense,Pos_stats_defense,Comp_stats_defense,Age_stats_defense,Born_stats_defense,90s_stats_defense,Tkl,TklW,Def 3rd,Mid 3rd,Att 3rd,Att_stats_defense,Tkl%,Lost,Blocks_stats_defense,Sh_stats_defense,Pass,Int,Tkl+Int,Clr,Err,Rk_stats_possession,Nation_stats_possession,Pos_stats_possession,Comp_stats_possession,Age_stats_possession,Born_stats_possession,90s_stats_possession,Touches,Def Pen,Def 3rd_stats_possession,Mid 3rd_stats_possession,Att 3rd_stats_possession,Att Pen,Live_stats_possession,Att_stats_possession,Succ,Succ%,Tkld,Tkld%,Carries,TotDist_stats_possession,PrgDist_stats_possession,PrgC_stats_possession,1/3_stats_possession,CPA,Mis,Dis,Rec,PrgR_stats_possession,Rk_stats_playing_time,Nation_stats_playing_time,Pos_stats_playing_time,Comp_stats_playing_time,Age_stats_playing_time,Born_stats_playing_time,MP_stats_playing_time,Min_stats_playing_time,Mn/MP,Min%,90s_stats_playing_time,Starts_stats_playing_time,Mn/Start,Compl,Subs,Mn/Sub,unSub,PPM,onG,onGA,+/-,+/-90,On-Off,onxG,onxGA,xG+/-,xG+/-90,Rk_stats_misc,Nation_stats_misc,Pos_stats_misc,Comp_stats_misc,Age_stats_misc,Born_stats_misc,90s_stats_misc,CrdY_stats_misc,CrdR_stats_misc,2CrdY,Fls,Fld_stats_misc,Off_stats_misc,Crs_stats_misc,Int_stats_misc,TklW_stats_misc,PKwon,PKcon,OG,Recov,Won,Lost_stats_misc,Won%,Rk_stats_keeper,Nation_stats_keeper,Pos_stats_keeper,Comp_stats_keeper,Age_stats_keeper,Born_stats_keeper,MP_stats_keeper,Starts_stats_keeper,Min_stats_keeper,90s_stats_keeper,GA,GA90,SoTA,Saves,Save%,W,D,L,CS,CS%,PKatt_stats_keeper,PKA,PKsv,PKm,Rk_stats_keeper_adv,Nation_stats_keeper_adv,Pos_stats_keeper_adv,Comp_stats_keeper_adv,Age_stats_keeper_adv,Born_stats_keeper_adv,90s_stats_keeper_adv,GA_stats_keeper_adv,PKA_stats_keeper_adv,FK_stats_keeper_adv,CK_stats_keeper_adv,OG_stats_keeper_adv,PSxG,PSxG/SoT,PSxG+/-,/90,Cmp_stats_keeper_adv,Att_stats_keeper_adv,Cmp%_stats_keeper_adv,Att (GK),Thr,Launch%,AvgLen,Opp,Stp,Stp%,#OPA,#OPA/90,AvgDist
88,Alisson,br BRA,GK,Liverpool,eng Premier League,31.0,1992.0,28,28,2508,27.9,0,0,0,0,0,0,0,0,0.0,0.0,0.6,0.6,0,1,0,0.0,0.02,88,br BRA,GK,eng Premier League,31.0,1992.0,27.9,0,0,0,,0.0,0.0,,,,0,0,0,0.0,0.0,,0.0,0.0,88,br BRA,GK,eng Premier League,31.0,1992.0,27.9,794,959,82.8,17555,11360,0,0.6,0.2,-0.6,1,12,0,0,1,88,br BRA,GK,eng Premier League,31.0,1992.0,27.9,959,836,121,41,1,1,0,0,0,0,0,0,794,2,1,88,br BRA,GK,eng Premier League,31.0,1992.0,27.9,7,0.25,7,0,0,0,0,0,1,0.04,88,br BRA,GK,eng Premier League,31.0,1992.0,27.9,1,0,1,0,0,1,0.0,1,0,0,0,0,1,13,1,88,br BRA,GK,eng Premier League,31.0,1992.0,27.9,1011,742,991,20,0,0,1011,1,1,100.0,0,0.0,658,2625,1586,0,0,0,1,0,618,0,113,br BRA,GK,eng Premier League,31.0,1992.0,28,2508,90,73.3,27.9,28,90.0,27,0,,0,2.18,64,29,35,1.26,0.27,62.2,27.4,34.9,1.25,88,br BRA,GK,eng Premier League,31.0,1992.0,27.9,0,0,0,0,2,0,0,0,0,0,0,0,47,7,0,100.0,4.0,br BRA,GK,eng Premier League,31.0,1992.0,28.0,28.0,2508.0,27.9,29.0,1.04,100.0,73.0,72.0,18.0,7.0,3.0,9.0,32.1,1.0,1.0,0.0,0.0,4.0,br BRA,GK,eng Premier League,31.0,1992.0,27.9,29.0,1.0,0.0,2.0,2.0,30.5,0.3,3.5,0.13,68.0,203.0,33.5,877.0,128.0,19.7,26.6,255.0,11.0,4.3,49.0,1.76,16.0
148,Alphonse Areola,fr FRA,GK,West Ham,eng Premier League,31.0,1993.0,26,25,2260,25.1,0,0,0,0,0,0,0,0,0.0,0.0,0.0,0.0,0,1,0,0.0,0.0,148,fr FRA,GK,eng Premier League,31.0,1993.0,25.1,0,0,0,,0.0,0.0,,,,0,0,0,0.0,0.0,,0.0,0.0,148,fr FRA,GK,eng Premier League,31.0,1993.0,25.1,688,989,69.6,18224,12284,0,0.0,0.0,0.0,0,11,0,0,1,148,fr FRA,GK,eng Premier League,31.0,1993.0,25.1,989,716,268,72,0,3,0,0,0,0,0,0,688,5,3,148,fr FRA,GK,eng Premier League,31.0,1993.0,25.1,3,0.12,2,1,0,0,0,0,0,0.0,148,fr FRA,GK,eng Premier League,31.0,1993.0,25.1,2,2,2,0,0,3,66.7,1,0,0,0,0,2,15,3,148,fr FRA,GK,eng Premier League,31.0,1993.0,25.1,1049,833,1038,12,0,0,1049,0,0,,0,,601,2480,1348,0,0,0,0,0,555,0,186,fr FRA,GK,eng Premier League,31.0,1993.0,26,2260,87,66.1,25.1,25,88.0,24,1,55.0,8,0.96,29,41,-12,-0.48,-0.17,30.1,37.3,-7.2,-0.29,148,fr FRA,GK,eng Premier League,31.0,1993.0,25.1,0,0,0,0,0,0,0,0,2,0,0,1,29,2,0,100.0,5.0,fr FRA,GK,eng Premier League,31.0,1993.0,26.0,25.0,2260.0,25.1,41.0,1.63,115.0,77.0,64.3,5.0,7.0,13.0,5.0,20.0,0.0,0.0,0.0,0.0,5.0,fr FRA,GK,eng Premier League,31.0,1993.0,25.1,41.0,0.0,0.0,5.0,3.0,35.4,0.31,-2.6,-0.1,135.0,384.0,35.2,788.0,119.0,34.4,32.1,394.0,15.0,3.8,30.0,1.19,15.0
161,Kepa Arrizabalaga,es ESP,GK,Bournemouth,eng Premier League,29.0,1994.0,31,31,2790,31.0,0,0,0,0,0,0,3,0,0.1,0.1,0.0,0.1,0,2,0,0.0,0.0,161,es ESP,GK,eng Premier League,29.0,1994.0,31.0,0,1,0,0.0,0.03,0.0,0.0,,9.7,0,0,0,0.1,0.1,0.06,-0.1,-0.1,161,es ESP,GK,eng Premier League,29.0,1994.0,31.0,752,1027,73.2,20531,13943,0,0.0,0.0,0.0,1,10,0,0,2,161,es ESP,GK,eng Premier League,29.0,1994.0,31.0,1027,728,295,103,0,0,0,0,0,0,0,0,752,4,2,161,es ESP,GK,eng Premier League,29.0,1994.0,31.0,4,0.13,2,2,0,0,0,0,0,0.0,161,es ESP,GK,eng Premier League,29.0,1994.0,31.0,1,0,1,0,0,2,0.0,2,2,0,2,0,1,15,3,161,es ESP,GK,eng Premier League,29.0,1994.0,31.0,1087,800,1057,29,1,1,1087,1,1,100.0,0,0.0,621,3129,1797,0,0,0,0,0,486,0,200,es ESP,GK,eng Premier League,29.0,1994.0,31,2790,90,81.6,31.0,31,90.0,31,0,,1,1.48,50,39,11,0.35,0.21,53.6,38.3,15.3,0.49,161,es ESP,GK,eng Premier League,29.0,1994.0,31.0,3,0,0,2,6,0,0,0,0,0,2,0,56,7,1,87.5,6.0,es ESP,GK,eng Premier League,29.0,1994.0,31.0,31.0,2790.0,31.0,39.0,1.26,134.0,95.0,73.9,13.0,7.0,11.0,8.0,25.8,4.0,4.0,0.0,0.0,6.0,es ESP,GK,eng Premier League,29.0,1994.0,31.0,39.0,4.0,0.0,4.0,0.0,41.0,0.28,2.0,0.07,132.0,365.0,36.2,831.0,122.0,33.2,32.9,367.0,22.0,6.0,54.0,1.74,16.0
179,Brandon Austin,eng ENG,GK,Tottenham,eng Premier League,25.0,1999.0,1,1,90,1.0,0,0,0,0,0,0,0,0,0.0,0.0,0.0,0.0,0,0,0,0.0,0.0,179,eng ENG,GK,eng Premier League,25.0,1999.0,1.0,0,0,0,,0.0,0.0,,,,0,0,0,0.0,0.0,,0.0,0.0,179,eng ENG,GK,eng Premier League,25.0,1999.0,1.0,22,32,68.8,526,386,0,0.0,0.0,0.0,0,0,0,0,0,179,eng ENG,GK,eng Premier League,25.0,1999.0,1.0,32,24,8,2,0,0,0,0,0,0,0,0,22,0,0,179,eng ENG,GK,eng Premier League,25.0,1999.0,1.0,0,0.0,0,0,0,0,0,0,0,0.0,179,eng ENG,GK,eng Premier League,25.0,1999.0,1.0,0,0,0,0,0,0,,0,0,0,0,0,0,1,0,179,eng ENG,GK,eng Premier League,25.0,1999.0,1.0,36,30,36,0,0,0,36,0,0,,0,,22,104,46,0,0,0,0,0,16,0,223,eng ENG,GK,eng Premier League,25.0,1999.0,1,90,90,2.6,1.0,1,90.0,1,0,,12,0.0,1,2,-1,-1.0,-1.0,0.9,2.5,-1.6,-1.57,179,eng ENG,GK,eng Premier League,25.0,1999.0,1.0,0,0,0,0,2,0,0,0,0,0,0,0,1,2,0,100.0,9.0,eng ENG,GK,eng Premier League,25.0,1999.0,1.0,1.0,90.0,1.0,2.0,2.0,4.0,2.0,50.0,0.0,0.0,1.0,0.0,0.0,0.0,0.0,0.0,0.0,9.0,eng ENG,GK,eng Premier League,25.0,1999.0,1.0,2.0,0.0,0.0,0.0,0.0,2.2,0.55,0.2,0.2,3.0,11.0,27.3,26.0,5.0,38.5,32.3,15.0,5.0,33.3,2.0,2.0,12.4
267,Altay Bayındır,tr TUR,GK,Manchester Utd,eng Premier League,26.0,1998.0,4,4,360,4.0,0,0,0,0,0,0,0,0,0.0,0.0,0.0,0.0,0,0,0,0.0,0.0,267,tr TUR,GK,eng Premier League,26.0,1998.0,4.0,0,0,0,,0.0,0.0,,,,0,0,0,0.0,0.0,,0.0,0.0,267,tr TUR,GK,eng Premier League,26.0,1998.0,4.0,92,152,60.5,2444,1386,0,0.0,0.0,0.0,0,1,0,0,0,267,tr TUR,GK,eng Premier League,26.0,1998.0,4.0,152,121,31,7,0,0,0,0,0,0,0,0,92,0,2,267,tr TUR,GK,eng Premier League,26.0,1998.0,4.0,0,0.0,0,0,0,0,0,0,0,0.0,267,tr TUR,GK,eng Premier League,26.0,1998.0,4.0,0,0,0,0,0,1,0.0,1,0,0,0,0,0,9,1,267,tr TUR,GK,eng Premier League,26.0,1998.0,4.0,168,145,166,2,0,0,168,0,0,,0,,110,432,196,0,0,0,0,0,103,0,326,tr TUR,GK,eng Premier League,26.0,1998.0,4,360,90,10.5,4.0,4,90.0,4,0,,27,0.75,6,10,-4,-1.0,-0.82,7.3,7.0,0.3,0.06,267,tr TUR,GK,eng Premier League,26.0,1998.0,4.0,0,0,0,0,1,0,0,0,0,0,0,0,3,1,1,50.0,12.0,tr TUR,GK,eng Premier League,26.0,1998.0,4.0,4.0,360.0,4.0,10.0,2.5,17.0,8.0,41.2,1.0,0.0,3.0,1.0,25.0,0.0,0.0,0.0,0.0,12.0,tr TUR,GK,eng Premier League,26.0,1998.0,4.0,10.0,0.0,0.0,0.0,1.0,10.1,0.59,1.1,0.27,13.0,62.0,21.0,128.0,12.0,34.4,34.1,56.0,4.0,7.1,7.0,1.75,12.0
305,Daniel Bentley,eng ENG,GK,Wolves,eng Premier League,31.0,1993.0,2,2,180,2.0,0,0,0,0,0,0,0,0,0.0,0.0,0.0,0.0,0,0,0,0.0,0.0,305,eng ENG,GK,eng Premier League,31.0,1993.0,2.0,0,0,0,,0.0,0.0,,,,0,0,0,0.0,0.0,,0.0,0.0,305,eng ENG,GK,eng Premier League,31.0,1993.0,2.0,49,65,75.4,1252,851,0,0.0,0.0,0.0,0,1,0,0,0,305,eng ENG,GK,eng Premier League,31.0,1993.0,2.0,65,45,20,7,0,0,0,0,0,0,0,0,49,0,0,305,eng ENG,GK,eng Premier League,31.0,1993.0,2.0,0,0.0,0,0,0,0,0,0,0,0.0,305,eng ENG,GK,eng Premier League,31.0,1993.0,2.0,0,0,0,0,0,0,,0,0,0,0,0,0,1,0,305,eng ENG,GK,eng Premier League,31.0,1993.0,2.0,69,50,68,1,0,0,69,0,0,,0,,39,218,134,0,0,0,0,0,26,0,373,eng ENG,GK,eng Premier League,31.0,1993.0,2,180,90,5.3,2.0,2,90.0,2,0,,16,1.5,3,4,-1,-0.5,-0.11,1.6,3.0,-1.4,-0.69,305,eng ENG,GK,eng Premier League,31.0,1993.0,2.0,0,0,0,0,0,0,0,0,0,0,0,0,4,2,0,100.0,13.0,eng ENG,GK,eng Premier League,31.0,1993.0,2.0,2.0,180.0,2.0,4.0,2.0,12.0,8.0,66.7,1.0,0.0,1.0,1.0,50.0,0.0,0.0,0.0,0.0,13.0,eng ENG,GK,eng Premier League,31.0,1993.0,2.0,4.0,0.0,1.0,0.0,0.0,3.9,0.33,-0.1,-0.04,7.0,21.0,33.3,52.0,6.0,25.0,28.1,25.0,0.0,0.0,3.0,1.5,16.4
792,Martin Dúbravka,sk SVK,GK,Newcastle Utd,eng Premier League,35.0,1989.0,10,10,900,10.0,0,0,0,0,0,0,0,0,0.0,0.0,0.0,0.0,0,0,0,0.0,0.0,792,sk SVK,GK,eng Premier League,35.0,1989.0,10.0,0,0,0,,0.0,0.0,,,,0,0,0,0.0,0.0,,0.0,0.0,792,sk SVK,GK,eng Premier League,35.0,1989.0,10.0,265,333,79.6,5932,3082,0,0.0,0.0,0.0,0,0,0,0,0,792,sk SVK,GK,eng Premier League,35.0,1989.0,10.0,333,246,86,27,0,1,0,0,0,0,0,0,265,1,0,792,sk SVK,GK,eng Premier League,35.0,1989.0,10.0,0,0.0,0,0,0,0,0,0,0,0.0,792,sk SVK,GK,eng Premier League,35.0,1989.0,10.0,0,0,0,0,0,0,,0,0,0,0,0,0,3,0,792,sk SVK,GK,eng Premier League,35.0,1989.0,10.0,350,262,337,14,0,0,350,0,0,,0,,202,1043,643,0,0,0,0,0,175,0,979,sk SVK,GK,eng Premier League,35.0,1989.0,10,900,90,26.3,10.0,10,90.0,10,0,,24,2.1,23,12,11,1.1,0.74,20.2,10.8,9.4,0.94,792,sk SVK,GK,eng Premier League,35.0,1989.0,10.0,0,0,0,0,1,0,0,0,0,0,0,0,18,4,0,100.0,43.0,sk SVK,GK,eng Premier League,35.0,1989.0,10.0,10.0,900.0,10.0,12.0,1.2,41.0,29.0,70.7,7.0,0.0,3.0,5.0,50.0,0.0,0.0,0.0,0.0,43.0,sk SVK,GK,eng Premier League,35.0,1989.0,10.0,12.0,0.0,0.0,1.0,0.0,12.9,0.32,0.9,0.09,18.0,80.0,22.5,273.0,54.0,15.8,25.2,127.0,10.0,7.9,11.0,1.1,15.3
811,Ederson,br BRA,GK,Manchester City,eng Premier League,30.0,1993.0,26,26,2320,25.8,0,4,4,0,0,0,4,0,0.0,0.0,1.5,1.5,0,2,0,0.16,0.06,811,br BRA,GK,eng Premier League,30.0,1993.0,25.8,0,0,0,,0.0,0.0,,,,0,0,0,0.0,0.0,,0.0,0.0,811,br BRA,GK,eng Premier League,30.0,1993.0,25.8,811,923,87.9,19885,13212,4,1.5,0.2,2.5,4,21,1,0,2,811,br BRA,GK,eng Premier League,30.0,1993.0,25.8,923,817,106,29,1,2,0,0,0,0,0,0,811,0,1,811,br BRA,GK,eng Premier League,30.0,1993.0,25.8,6,0.23,6,0,0,0,0,0,4,0.16,811,br BRA,GK,eng Premier League,30.0,1993.0,25.8,0,0,0,0,0,2,0.0,2,0,0,0,1,1,11,4,811,br BRA,GK,eng Premier League,30.0,1993.0,25.8,975,689,962,13,0,0,975,0,0,,0,,654,3060,1981,0,0,0,1,0,616,0,1001,br BRA,GK,eng Premier League,30.0,1993.0,26,2320,89,67.8,25.8,26,89.0,25,0,,4,2.0,49,26,23,0.89,0.48,49.0,28.7,20.3,0.79,811,br BRA,GK,eng Premier League,30.0,1993.0,25.8,4,0,0,1,0,0,0,1,0,0,1,0,42,4,1,80.0,44.0,br BRA,GK,eng Premier League,30.0,1993.0,26.0,26.0,2320.0,25.8,26.0,1.01,78.0,53.0,69.2,16.0,4.0,6.0,10.0,38.5,2.0,2.0,0.0,0.0,44.0,br BRA,GK,eng Premier League,30.0,1993.0,25.8,26.0,2.0,0.0,3.0,1.0,30.0,0.37,5.0,0.19,72.0,165.0,43.6,846.0,108.0,17.4,27.9,224.0,13.0,5.8,49.0,1.9,17.5
869,Łukasz Fabiański,pl POL,GK,West Ham,eng Premier League,39.0,1985.0,14,13,1160,12.9,0,0,0,0,0,0,2,0,0.0,0.0,0.0,0.0,0,0,0,0.0,0.0,869,pl POL,GK,eng Premier League,39.0,1985.0,12.9,0,0,0,,0.0,0.0,,,,0,0,0,0.0,0.0,,0.0,0.0,869,pl POL,GK,eng Premier League,39.0,1985.0,12.9,332,495,67.1,9586,6808,0,0.0,0.0,0.0,0,5,0,0,0,869,pl POL,GK,eng Premier League,39.0,1985.0,12.9,495,351,143,43,0,0,0,0,0,0,0,0,332,1,0,869,pl POL,GK,eng Premier League,39.0,1985.0,12.9,3,0.23,2,1,0,0,0,0,0,0.0,869,pl POL,GK,eng Premier League,39.0,1985.0,12.9,0,0,0,0,0,1,0.0,1,0,0,0,0,0,5,1,869,pl POL,GK,eng Premier League,39.0,1985.0,12.9,530,414,525,5,0,0,530,3,3,100.0,0,0.0,285,1485,890,0,0,0,0,0,248,0,1069,pl POL,GK,eng Premier League,39.0,1985.0,14,1160,83,33.9,12.9,13,86.0,12,1,45.0,21,1.5,17,21,-4,-0.31,0.17,16.9,22.4,-5.5,-0.43,869,pl POL,GK,eng Premier League,39.0,1985.0,12.9,2,0,0,2,1,0,0,0,0,0,2,0,5,3,1,75.0,45.0,pl POL,GK,eng Premier League,39.0,1985.0,14.0,13.0,1160.0,12.9,21.0,1.63,71.0,50.0,74.6,6.0,3.0,4.0,2.0,15.4,3.0,3.0,0.0,0.0,45.0,pl POL,GK,eng Premier League,39.0,1985.0,12.9,21.0,3.0,1.0,3.0,0.0,22.6,0.29,1.6,0.12,77.0,226.0,34.1,394.0,55.0,41.9,35.5,220.0,10.0,4.5,12.0,0.93,13.1
907,Mark Flekken,nl NED,GK,Brentford,eng Premier League,31.0,1993.0,37,37,3275,36.4,0,2,2,0,0,0,1,0,0.0,0.0,0.5,0.5,0,0,0,0.05,0.01,907,nl NED,GK,eng Premier League,31.0,1993.0,36.4,0,0,0,,0.0,0.0,,,,0,0,0,0.0,0.0,,0.0,0.0,907,nl NED,GK,eng Premier League,31.0,1993.0,36.4,1254,1717,73.0,37000,25308,2,0.5,0.1,1.5,3,50,2,0,0,907,nl NED,GK,eng Premier League,31.0,1993.0,36.4,1717,1367,343,131,0,5,0,0,0,0,0,0,1254,7,0,907,nl NED,GK,eng Premier League,31.0,1993.0,36.4,10,0.27,6,4,0,0,0,0,2,0.05,907,nl NED,GK,eng Premier League,31.0,1993.0,36.4,4,4,4,0,0,9,33.3,6,2,0,2,0,4,26,4,907,nl NED,GK,eng Premier League,31.0,1993.0,36.4,1824,1436,1777,52,0,0,1824,1,1,100.0,0,0.0,1122,5725,3253,0,0,0,3,0,1015,0,1122,nl NED,GK,eng Premier League,31.0,1993.0,37,3275,89,95.8,36.4,37,89.0,36,0,,0,1.51,66,55,11,0.3,1.54,55.9,54.0,1.9,0.05,907,nl NED,GK,eng Premier League,31.0,1993.0,36.4,1,0,0,0,3,0,0,0,4,0,0,0,39,4,0,100.0,51.0,nl NED,GK,eng Premier League,31.0,1993.0,37.0,37.0,3275.0,36.4,55.0,1.51,203.0,150.0,73.4,16.0,8.0,13.0,7.0,18.9,1.0,1.0,0.0,0.0,51.0,nl NED,GK,eng Premier League,31.0,1993.0,36.4,55.0,1.0,0.0,2.0,2.0,52.7,0.26,-0.3,-0.01,249.0,659.0,37.8,1498.0,122.0,33.7,34.4,581.0,46.0,7.9,34.0,0.93,11.5
924,Fraser Forster,eng ENG,GK,Tottenham,eng Premier League,36.0,1988.0,7,7,630,7.0,0,0,0,0,0,0,0,0,0.0,0.0,0.0,0.0,0,0,0,0.0,0.0,924,eng ENG,GK,eng Premier League,36.0,1988.0,7.0,0,0,0,,0.0,0.0,,,,0,0,0,0.0,0.0,,0.0,0.0,924,eng ENG,GK,eng Premier League,36.0,1988.0,7.0,168,198,84.8,3349,2105,0,0.0,0.0,0.0,0,1,0,0,0,924,eng ENG,GK,eng Premier League,36.0,1988.0,7.0,198,125,72,16,0,1,0,0,0,0,0,0,168,1,0,924,eng ENG,GK,eng Premier League,36.0,1988.0,7.0,0,0.0,0,0,0,0,0,0,0,0.0,924,eng ENG,GK,eng Premier League,36.0,1988.0,7.0,0,0,0,0,0,1,0.0,1,0,0,0,0,0,7,3,924,eng ENG,GK,eng Premier League,36.0,1988.0,7.0,228,212,228,0,0,0,228,1,1,100.0,0,0.0,113,501,264,0,0,0,1,0,94,0,1142,eng ENG,GK,eng Premier League,36.0,1988.0,7,630,90,18.4,7.0,7,90.0,7,0,,11,0.71,14,15,-1,-0.14,-0.14,11.1,16.0,-4.9,-0.7,924,eng ENG,GK,eng Premier League,36.0,1988.0,7.0,0,0,0,0,0,0,0,0,0,0,0,0,1,1,0,100.0,53.0,eng ENG,GK,eng Premier League,36.0,1988.0,7.0,7.0,630.0,7.0,15.0,2.14,42.0,27.0,69.0,1.0,2.0,4.0,1.0,14.3,2.0,2.0,0.0,0.0,53.0,eng ENG,GK,eng Premier League,36.0,1988.0,7.0,15.0,2.0,0.0,1.0,0.0,16.5,0.36,1.5,0.21,11.0,31.0,35.5,141.0,30.0,21.3,27.2,81.0,4.0,4.9,3.0,0.43,11.1
1139,Dean Henderson,eng ENG,GK,Crystal Palace,eng Premier League,27.0,1997.0,38,38,3420,38.0,0,0,0,0,0,0,3,0,0.0,0.0,0.2,0.2,0,0,0,0.0,0.0,1139,eng ENG,GK,eng Premier League,27.0,1997.0,38.0,0,1,0,0.0,0.03,0.0,0.0,,14.9,0,0,0,0.0,0.0,0.01,0.0,0.0,1139,eng ENG,GK,eng Premier League,27.0,1997.0,38.0,745,1216,61.3,20401,13551,0,0.2,0.1,-0.2,3,23,1,0,0,1139,eng ENG,GK,eng Premier League,27.0,1997.0,38.0,1216,842,373,100,0,0,0,0,0,0,0,0,745,1,1,1139,eng ENG,GK,eng Premier League,27.0,1997.0,38.0,4,0.11,3,1,0,0,0,0,0,0.0,1139,eng ENG,GK,eng Premier League,27.0,1997.0,38.0,2,1,2,0,0,6,33.3,4,0,0,0,0,2,22,0,1139,eng ENG,GK,eng Premier League,27.0,1997.0,38.0,1308,1065,1303,4,1,1,1308,0,0,,0,,751,4483,2136,0,0,0,2,0,580,0,1412,eng ENG,GK,eng Premier League,27.0,1997.0,38,3420,90,100.0,38.0,38,90.0,38,0,,0,1.39,51,51,0,0.0,,60.4,49.1,11.3,0.3,1139,eng ENG,GK,eng Premier League,27.0,1997.0,38.0,3,0,0,0,2,0,0,0,1,0,0,0,26,11,1,91.7,66.0,eng ENG,GK,eng Premier League,27.0,1997.0,38.0,38.0,3420.0,38.0,51.0,1.34,150.0,101.0,66.7,13.0,14.0,11.0,11.0,28.9,2.0,1.0,1.0,0.0,66.0,eng ENG,GK,eng Premier League,27.0,1997.0,38.0,51.0,1.0,1.0,5.0,3.0,51.2,0.35,3.2,0.08,157.0,600.0,26.2,942.0,115.0,47.5,38.5,559.0,30.0,5.4,40.0,1.05,14.3
1147,Mads Hermansen,dk DEN,GK,Leicester City,eng Premier League,24.0,2000.0,27,27,2385,26.5,0,0,0,0,0,0,1,0,0.0,0.0,0.0,0.0,0,1,0,0.0,0.0,1147,dk DEN,GK,eng Premier League,24.0,2000.0,26.5,0,0,0,,0.0,0.0,,,,0,0,0,0.0,0.0,,0.0,0.0,1147,dk DEN,GK,eng Premier League,24.0,2000.0,26.5,654,1073,61.0,17066,12387,0,0.0,0.0,0.0,0,20,1,0,1,1147,dk DEN,GK,eng Premier League,24.0,2000.0,26.5,1073,840,229,86,0,2,0,0,0,0,0,0,654,4,1,1147,dk DEN,GK,eng Premier League,24.0,2000.0,26.5,3,0.11,3,0,0,0,0,0,0,0.0,1147,dk DEN,GK,eng Premier League,24.0,2000.0,26.5,1,1,1,0,0,1,100.0,0,1,0,1,0,1,13,4,1147,dk DEN,GK,eng Premier League,24.0,2000.0,26.5,1147,831,1106,43,0,0,1147,1,1,100.0,0,0.0,734,3625,1904,0,0,0,1,0,625,0,1423,dk DEN,GK,eng Premier League,24.0,2000.0,27,2385,88,69.7,26.5,27,88.0,26,0,,0,0.56,23,58,-35,-1.32,-0.28,22.4,54.1,-31.7,-1.2,1147,dk DEN,GK,eng Premier League,24.0,2000.0,26.5,1,0,0,0,3,0,0,0,1,0,0,0,17,4,1,80.0,67.0,dk DEN,GK,eng Premier League,24.0,2000.0,27.0,27.0,2385.0,26.5,58.0,2.19,155.0,99.0,64.5,3.0,6.0,18.0,1.0,3.7,4.0,3.0,1.0,0.0,67.0,dk DEN,GK,eng Premier League,24.0,2000.0,26.5,58.0,3.0,0.0,3.0,3.0,56.4,0.35,1.4,0.05,114.0,471.0,24.2,926.0,133.0,39.2,34.6,419.0,26.0,6.2,26.0,0.98,13.1
1246,Vitezslav Jaros,cz CZE,GK,Liverpool,eng Premier League,23.0,2001.0,1,0,12,0.1,0,0,0,0,0,0,0,0,0.0,0.0,0.0,0.0,0,0,0,0.0,0.0,1246,cz CZE,GK,eng Premier League,23.0,2001.0,0.1,0,0,0,,0.0,0.0,,,,0,0,0,0.0,0.0,,0.0,0.0,1246,cz CZE,GK,eng Premier League,23.0,2001.0,0.1,6,8,75.0,302,273,0,0.0,0.0,0.0,0,2,0,0,0,1246,cz CZE,GK,eng Premier League,23.0,2001.0,0.1,8,7,1,0,0,0,0,0,0,0,0,0,6,0,0,1246,cz CZE,GK,eng Premier League,23.0,2001.0,0.1,0,0.0,0,0,0,0,0,0,0,0.0,1246,cz CZE,GK,eng Premier League,23.0,2001.0,0.1,0,0,0,0,0,0,,0,0,0,0,0,0,0,0,1246,cz CZE,GK,eng Premier League,23.0,2001.0,0.1,8,5,8,0,0,0,8,0,0,,0,,7,29,8,0,0,0,0,0,5,0,1542,cz CZE,GK,eng Premier League,23.0,2001.0,1,12,12,0.4,0.1,0,,0,1,12.0,11,3.0,0,0,0,0.0,-1.19,0.1,0.1,0.0,-0.16,1246,cz CZE,GK,eng Premier League,23.0,2001.0,0.1,0,0,0,0,0,0,0,0,0,0,0,0,0,0,0,,73.0,cz CZE,GK,eng Premier League,23.0,2001.0,1.0,0.0,12.0,0.1,0.0,0.0,1.0,1.0,100.0,0.0,0.0,0.0,1.0,,0.0,0.0,0.0,0.0,73.0,cz CZE,GK,eng Premier League,23.0,2001.0,0.1,0.0,0.0,0.0,0.0,0.0,0.0,0.03,0.0,0.25,5.0,7.0,71.4,7.0,2.0,85.7,50.9,2.0,0.0,0.0,0.0,0.0,11.0
1272,Sam Johnstone,eng ENG,GK,Wolves,eng Premier League,31.0,1993.0,7,7,630,7.0,0,0,0,0,0,0,0,0,0.0,0.0,0.0,0.0,0,0,0,0.0,0.0,1272,eng ENG,GK,eng Premier League,31.0,1993.0,7.0,0,0,0,,0.0,0.0,,,,0,0,0,0.0,0.0,,0.0,0.0,1272,eng ENG,GK,eng Premier League,31.0,1993.0,7.0,184,278,66.2,5548,4270,0,0.0,0.0,0.0,1,6,0,0,0,1272,eng ENG,GK,eng Premier League,31.0,1993.0,7.0,278,230,47,22,0,0,0,0,0,0,0,0,184,1,2,1272,eng ENG,GK,eng Premier League,31.0,1993.0,7.0,2,0.29,2,0,0,0,0,0,0,0.0,1272,eng ENG,GK,eng Premier League,31.0,1993.0,7.0,0,0,0,0,0,1,0.0,1,0,0,0,0,0,7,0,1272,eng ENG,GK,eng Premier League,31.0,1993.0,7.0,306,229,304,2,0,0,306,0,0,,0,,196,1221,756,0,0,0,0,0,179,0,1577,eng ENG,GK,eng Premier League,31.0,1993.0,7,630,90,18.4,7.0,7,90.0,7,0,,16,0.14,9,17,-8,-1.14,-0.92,6.9,13.1,-6.2,-0.89,1272,eng ENG,GK,eng Premier League,31.0,1993.0,7.0,0,0,0,0,0,0,0,0,0,0,0,0,9,4,0,100.0,75.0,eng ENG,GK,eng Premier League,31.0,1993.0,7.0,7.0,630.0,7.0,17.0,2.43,39.0,23.0,61.5,0.0,1.0,6.0,0.0,0.0,2.0,2.0,0.0,0.0,75.0,eng ENG,GK,eng Premier League,31.0,1993.0,7.0,17.0,2.0,0.0,5.0,1.0,13.0,0.29,-3.0,-0.43,52.0,129.0,40.3,252.0,28.0,45.6,36.6,104.0,8.0,7.7,11.0,1.57,13.4
1295,Filip Jørgensen,dk DEN,GK,Chelsea,eng Premier League,22.0,2002.0,6,6,540,6.0,0,0,0,0,0,0,0,0,0.0,0.0,0.0,0.0,0,0,0,0.0,0.0,1295,dk DEN,GK,eng Premier League,22.0,2002.0,6.0,0,0,0,,0.0,0.0,,,,0,0,0,0.0,0.0,,0.0,0.0,1295,dk DEN,GK,eng Premier League,22.0,2002.0,6.0,158,189,83.6,2843,1649,0,0.0,0.0,0.0,0,1,0,0,0,1295,dk DEN,GK,eng Premier League,22.0,2002.0,6.0,189,169,20,2,0,0,0,0,0,0,0,0,158,0,0,1295,dk DEN,GK,eng Premier League,22.0,2002.0,6.0,1,0.17,1,0,0,0,0,0,0,0.0,1295,dk DEN,GK,eng Premier League,22.0,2002.0,6.0,0,0,0,0,0,0,,0,0,0,0,0,0,0,3,1295,dk DEN,GK,eng Premier League,22.0,2002.0,6.0,202,174,201,1,0,0,202,0,0,,0,,145,676,423,0,0,0,0,0,139,0,1604,dk DEN,GK,eng Premier League,22.0,2002.0,6,540,90,15.8,6.0,6,90.0,6,0,,31,1.5,12,9,3,0.5,-0.06,14.0,8.8,5.2,0.86,1295,dk DEN,GK,eng Premier League,22.0,2002.0,6.0,0,0,0,1,1,0,0,0,0,0,1,0,5,0,0,,78.0,dk DEN,GK,eng Premier League,22.0,2002.0,6.0,6.0,540.0,6.0,9.0,1.5,28.0,19.0,71.4,3.0,0.0,3.0,1.0,16.7,1.0,1.0,0.0,0.0,78.0,dk DEN,GK,eng Premier League,22.0,2002.0,6.0,9.0,1.0,0.0,1.0,0.0,9.3,0.3,0.3,0.04,7.0,33.0,21.2,171.0,19.0,18.1,24.1,53.0,2.0,3.8,2.0,0.33,13.2
1339,Caoimhín Kelleher,ie IRL,GK,Liverpool,eng Premier League,25.0,1998.0,10,10,900,10.0,0,0,0,0,0,0,0,0,0.0,0.0,0.0,0.0,0,0,0,0.0,0.0,1339,ie IRL,GK,eng Premier League,25.0,1998.0,10.0,0,0,0,,0.0,0.0,,,,0,0,0,0.0,0.0,,0.0,0.0,1339,ie IRL,GK,eng Premier League,25.0,1998.0,10.0,289,382,75.7,6252,3968,0,0.0,0.0,0.0,0,6,0,0,0,1339,ie IRL,GK,eng Premier League,25.0,1998.0,10.0,382,344,38,20,0,0,0,0,0,0,0,0,289,0,1,1339,ie IRL,GK,eng Premier League,25.0,1998.0,10.0,3,0.3,3,0,0,0,0,0,1,0.1,1339,ie IRL,GK,eng Premier League,25.0,1998.0,10.0,0,0,0,0,0,0,,0,0,0,0,0,0,1,2,1339,ie IRL,GK,eng Premier League,25.0,1998.0,10.0,398,286,396,2,0,0,398,1,1,100.0,0,0.0,290,1131,616,0,0,0,1,0,275,0,1657,ie IRL,GK,eng Premier League,25.0,1998.0,10,900,90,26.3,10.0,10,90.0,10,0,,27,2.3,22,12,10,1.0,-0.25,19.8,11.1,8.7,0.87,1339,ie IRL,GK,eng Premier League,25.0,1998.0,10.0,0,0,0,0,3,0,0,0,0,0,0,0,18,1,0,100.0,79.0,ie IRL,GK,eng Premier League,25.0,1998.0,10.0,10.0,900.0,10.0,12.0,1.2,37.0,24.0,67.6,7.0,2.0,1.0,4.0,40.0,1.0,0.0,1.0,0.0,79.0,ie IRL,GK,eng Premier League,25.0,1998.0,10.0,12.0,0.0,0.0,1.0,0.0,11.6,0.3,-0.4,-0.04,29.0,115.0,25.2,364.0,49.0,28.6,29.0,113.0,6.0,5.3,9.0,0.9,14.0
1361,Tom King,wls WAL,GK,Wolves,eng Premier League,29.0,1995.0,1,0,1,0.0,0,0,0,0,0,0,0,0,0.0,0.0,0.0,0.0,0,0,0,0.0,0.0,1361,wls WAL,GK,eng Premier League,29.0,1995.0,0.0,0,0,0,,0.0,0.0,,,,0,0,0,0.0,0.0,,0.0,0.0,1361,wls WAL,GK,eng Premier League,29.0,1995.0,0.0,0,1,0.0,0,0,0,0.0,0.0,0.0,0,0,0,0,0,1361,wls WAL,GK,eng Premier League,29.0,1995.0,0.0,1,1,0,0,0,0,0,0,0,0,0,0,0,0,0,1361,wls WAL,GK,eng Premier League,29.0,1995.0,0.0,0,0.0,0,0,0,0,0,0,0,0.0,1361,wls WAL,GK,eng Premier League,29.0,1995.0,0.0,0,0,0,0,0,0,,0,0,0,0,0,0,0,0,1361,wls WAL,GK,eng Premier League,29.0,1995.0,0.0,1,1,1,0,0,0,1,0,0,,0,,1,8,5,0,0,0,0,0,0,0,1681,wls WAL,GK,eng Premier League,29.0,1995.0,1,1,1,0.0,0.0,0,,0,1,1.0,2,1.0,0,0,0,0.0,0.39,0.0,0.1,-0.1,-8.46,1361,wls WAL,GK,eng Premier League,29.0,1995.0,0.0,0,0,0,0,0,0,0,0,0,0,0,0,0,0,0,,80.0,wls WAL,GK,eng Premier League,29.0,1995.0,1.0,0.0,1.0,0.0,0.0,0.0,0.0,0.0,,0.0,0.0,0.0,0.0,,0.0,0.0,0.0,0.0,80.0,wls WAL,GK,eng Premier League,29.0,1995.0,0.0,0.0,0.0,0.0,0.0,0.0,0.0,,0.0,0.0,0.0,0.0,,1.0,1.0,0.0,14.0,1.0,0.0,0.0,0.0,0.0,
1362,Antonín Kinský,cz CZE,GK,Tottenham,eng Premier League,21.0,2003.0,6,6,540,6.0,0,0,0,0,0,0,0,0,0.0,0.0,0.1,0.1,1,1,0,0.0,0.01,1362,cz CZE,GK,eng Premier League,21.0,2003.0,6.0,0,0,0,,0.0,0.0,,,,0,0,0,0.0,0.0,,0.0,0.0,1362,cz CZE,GK,eng Premier League,21.0,2003.0,6.0,167,217,77.0,3990,2480,0,0.1,0.0,-0.1,1,2,0,0,1,1362,cz CZE,GK,eng Premier League,21.0,2003.0,6.0,217,177,39,9,0,0,0,0,0,0,0,0,167,1,1,1362,cz CZE,GK,eng Premier League,21.0,2003.0,6.0,1,0.17,1,0,0,0,0,0,0,0.0,1362,cz CZE,GK,eng Premier League,21.0,2003.0,6.0,3,1,3,0,0,1,100.0,0,0,0,0,0,3,9,1,1362,cz CZE,GK,eng Premier League,21.0,2003.0,6.0,237,205,234,3,0,0,237,0,0,,0,,144,760,491,1,0,0,0,0,126,0,1682,cz CZE,GK,eng Premier League,21.0,2003.0,6,540,90,15.8,6.0,6,90.0,6,0,,12,0.5,6,11,-5,-0.83,-0.96,5.0,11.6,-6.6,-1.09,1362,cz CZE,GK,eng Premier League,21.0,2003.0,6.0,0,0,0,0,0,0,0,0,1,0,0,0,6,2,0,100.0,81.0,cz CZE,GK,eng Premier League,21.0,2003.0,6.0,6.0,540.0,6.0,11.0,1.83,32.0,23.0,65.6,1.0,0.0,5.0,1.0,16.7,0.0,0.0,0.0,0.0,81.0,cz CZE,GK,eng Premier League,21.0,2003.0,6.0,11.0,0.0,0.0,1.0,2.0,10.5,0.33,1.5,0.25,17.0,58.0,29.3,186.0,37.0,26.9,30.7,112.0,10.0,8.9,9.0,1.5,12.1
1477,Bernd Leno,de GER,GK,Fulham,eng Premier League,32.0,1992.0,38,38,3420,38.0,0,1,1,0,0,0,5,0,0.0,0.0,0.1,0.1,0,0,0,0.03,0.0,1477,de GER,GK,eng Premier League,32.0,1992.0,38.0,0,0,0,,0.0,0.0,,,,0,0,0,0.0,0.0,,0.0,0.0,1477,de GER,GK,eng Premier League,32.0,1992.0,38.0,1149,1404,81.8,28206,16978,1,0.1,0.1,0.9,2,16,2,0,0,1477,de GER,GK,eng Premier League,32.0,1992.0,38.0,1404,1160,243,71,0,0,0,0,0,0,0,0,1149,1,1,1477,de GER,GK,eng Premier League,32.0,1992.0,38.0,6,0.16,6,0,0,0,0,0,2,0.05,1477,de GER,GK,eng Premier League,32.0,1992.0,38.0,2,2,2,0,0,2,100.0,0,1,0,1,0,2,11,5,1477,de GER,GK,eng Premier League,32.0,1992.0,38.0,1479,1190,1466,13,0,0,1479,0,0,,0,,955,3956,2233,0,0,0,0,0,862,0,1825,de GER,GK,eng Premier League,32.0,1992.0,38,3420,90,100.0,38.0,38,90.0,38,0,,0,1.42,54,54,0,0.0,,49.0,47.2,1.8,0.05,1477,de GER,GK,eng Premier League,32.0,1992.0,38.0,5,0,0,0,4,0,0,0,2,0,0,0,50,9,1,90.0,91.0,de GER,GK,eng Premier League,32.0,1992.0,38.0,38.0,3420.0,38.0,54.0,1.42,159.0,106.0,67.9,15.0,9.0,14.0,5.0,13.2,4.0,3.0,1.0,0.0,91.0,de GER,GK,eng Premier League,32.0,1992.0,38.0,54.0,3.0,0.0,6.0,2.0,48.9,0.29,-3.1,-0.08,141.0,367.0,38.4,1231.0,167.0,22.7,28.9,507.0,23.0,4.5,33.0,0.87,13.3
1543,Joe Lumley,eng ENG,GK,Southampton,eng Premier League,29.0,1995.0,3,3,270,3.0,0,0,0,0,0,0,0,0,0.0,0.0,0.0,0.0,0,0,0,0.0,0.0,1543,eng ENG,GK,eng Premier League,29.0,1995.0,3.0,0,0,0,,0.0,0.0,,,,0,0,0,0.0,0.0,,0.0,0.0,1543,eng ENG,GK,eng Premier League,29.0,1995.0,3.0,106,151,70.2,2342,1476,0,0.0,0.0,0.0,0,2,0,0,0,1543,eng ENG,GK,eng Premier League,29.0,1995.0,3.0,151,128,22,7,0,0,0,0,0,0,0,0,106,1,0,1543,eng ENG,GK,eng Premier League,29.0,1995.0,3.0,0,0.0,0,0,0,0,0,0,0,0.0,1543,eng ENG,GK,eng Premier League,29.0,1995.0,3.0,0,0,0,0,0,0,,0,0,0,0,0,0,3,3,1543,eng ENG,GK,eng Premier League,29.0,1995.0,3.0,164,116,161,3,0,0,164,0,0,,0,,103,476,296,0,0,0,0,0,108,0,1909,eng ENG,GK,eng Premier League,29.0,1995.0,3,270,90,7.9,3.0,3,90.0,3,0,,5,0.33,2,7,-5,-1.67,-0.1,2.8,9.1,-6.3,-2.09,1543,eng ENG,GK,eng Premier League,29.0,1995.0,3.0,0,0,0,0,0,0,0,0,0,0,0,0,2,2,1,66.7,95.0,eng ENG,GK,eng Premier League,29.0,1995.0,3.0,3.0,270.0,3.0,7.0,2.33,20.0,13.0,65.0,0.0,1.0,2.0,0.0,0.0,0.0,0.0,0.0,0.0,95.0,eng ENG,GK,eng Premier League,29.0,1995.0,3.0,7.0,0.0,0.0,1.0,0.0,7.7,0.39,0.7,0.22,15.0,50.0,30.0,135.0,14.0,34.1,30.0,56.0,2.0,3.6,7.0,2.33,18.0
1647,Emiliano Martínez,ar ARG,GK,Aston Villa,eng Premier League,31.0,1992.0,37,37,3194,35.5,0,0,0,0,0,0,5,1,0.0,0.0,0.5,0.5,0,4,0,0.0,0.02,1647,ar ARG,GK,eng Premier League,31.0,1992.0,35.5,0,0,0,,0.0,0.0,,,,0,0,0,0.0,0.0,,0.0,0.0,1647,ar ARG,GK,eng Premier League,31.0,1992.0,35.5,1091,1387,78.7,28659,17513,0,0.5,0.1,-0.5,2,27,0,0,4,1647,ar ARG,GK,eng Premier League,31.0,1992.0,35.5,1387,1117,263,91,0,2,0,0,0,0,0,0,1091,7,0,1647,ar ARG,GK,eng Premier League,31.0,1992.0,35.5,6,0.17,5,1,0,0,0,0,1,0.03,1647,ar ARG,GK,eng Premier League,31.0,1992.0,35.5,3,3,3,0,0,2,100.0,0,1,0,1,0,3,17,6,1647,ar ARG,GK,eng Premier League,31.0,1992.0,35.5,1449,1095,1429,20,0,0,1449,1,1,100.0,0,0.0,889,4616,2936,0,0,0,1,0,784,0,2027,ar ARG,GK,eng Premier League,31.0,1992.0,37,3194,86,93.4,35.5,37,86.0,34,0,,0,1.7,56,45,11,0.31,1.9,53.5,44.7,8.9,0.25,1647,ar ARG,GK,eng Premier League,31.0,1992.0,35.5,5,1,0,2,6,0,0,0,3,0,0,0,34,10,1,90.9,103.0,ar ARG,GK,eng Premier League,31.0,1992.0,37.0,37.0,3194.0,35.5,45.0,1.27,142.0,96.0,69.0,18.0,9.0,10.0,8.0,21.6,2.0,1.0,1.0,0.0,103.0,ar ARG,GK,eng Premier League,31.0,1992.0,35.5,45.0,1.0,1.0,2.0,0.0,45.8,0.32,0.8,0.02,162.0,420.0,38.6,1208.0,132.0,26.3,30.4,498.0,56.0,11.2,35.0,0.99,13.7
1698,Alex McCarthy,eng ENG,GK,Southampton,eng Premier League,34.0,1989.0,5,5,450,5.0,0,0,0,0,0,0,0,0,0.0,0.0,0.0,0.0,0,0,0,0.0,0.0,1698,eng ENG,GK,eng Premier League,34.0,1989.0,5.0,0,0,0,,0.0,0.0,,,,0,0,0,0.0,0.0,,0.0,0.0,1698,eng ENG,GK,eng Premier League,34.0,1989.0,5.0,117,156,75.0,2823,1985,0,0.0,0.0,0.0,0,5,0,0,0,1698,eng ENG,GK,eng Premier League,34.0,1989.0,5.0,156,126,29,6,0,1,0,0,0,0,0,0,117,1,1,1698,eng ENG,GK,eng Premier League,34.0,1989.0,5.0,0,0.0,0,0,0,0,0,0,0,0.0,1698,eng ENG,GK,eng Premier League,34.0,1989.0,5.0,0,0,0,0,0,0,,0,0,0,0,0,0,1,4,1698,eng ENG,GK,eng Premier League,34.0,1989.0,5.0,173,141,173,0,0,0,173,0,0,,0,,100,452,276,0,0,0,0,0,88,0,2086,eng ENG,GK,eng Premier League,34.0,1989.0,5,450,90,13.2,5.0,5,90.0,5,0,,33,0.0,3,13,-10,-2.0,-0.48,4.8,10.8,-6.1,-1.21,1698,eng ENG,GK,eng Premier League,34.0,1989.0,5.0,0,0,0,0,1,0,0,0,0,0,0,0,4,2,0,100.0,106.0,eng ENG,GK,eng Premier League,34.0,1989.0,5.0,5.0,450.0,5.0,13.0,2.6,37.0,24.0,70.3,0.0,0.0,5.0,0.0,0.0,2.0,2.0,0.0,0.0,106.0,eng ENG,GK,eng Premier League,34.0,1989.0,5.0,13.0,2.0,0.0,1.0,0.0,12.6,0.29,-0.4,-0.07,24.0,52.0,46.2,132.0,29.0,33.3,29.5,74.0,8.0,10.8,0.0,0.0,6.5
1828,Arijanet Muric,xk KVX,GK,Ipswich Town,eng Premier League,25.0,1998.0,18,18,1620,18.0,0,0,0,0,0,0,1,0,0.0,0.0,0.0,0.0,0,1,0,0.0,0.0,1828,xk KVX,GK,eng Premier League,25.0,1998.0,18.0,0,0,0,,0.0,0.0,,,,0,0,0,0.0,0.0,,0.0,0.0,1828,xk KVX,GK,eng Premier League,25.0,1998.0,18.0,454,633,71.7,11705,8247,0,0.0,0.0,0.0,0,14,0,0,1,1828,xk KVX,GK,eng Premier League,25.0,1998.0,18.0,633,485,143,49,0,3,0,0,0,0,0,0,454,5,0,1828,xk KVX,GK,eng Premier League,25.0,1998.0,18.0,1,0.06,0,1,0,0,0,0,0,0.0,1828,xk KVX,GK,eng Premier League,25.0,1998.0,18.0,0,0,0,0,0,2,0.0,2,0,0,0,0,0,10,5,1828,xk KVX,GK,eng Premier League,25.0,1998.0,18.0,689,559,672,18,0,0,689,0,0,,0,,405,2088,1178,0,0,0,3,1,321,0,2256,xk KVX,GK,eng Premier League,25.0,1998.0,18,1620,90,47.4,18.0,18,90.0,18,0,,8,0.67,17,33,-16,-0.89,0.61,17.5,35.2,-17.7,-0.98,1828,xk KVX,GK,eng Premier League,25.0,1998.0,18.0,1,0,0,0,4,0,0,0,0,0,0,0,26,11,1,91.7,114.0,xk KVX,GK,eng Premier League,25.0,1998.0,18.0,18.0,1620.0,18.0,33.0,1.83,100.0,67.0,70.0,2.0,6.0,10.0,1.0,5.6,3.0,3.0,0.0,0.0,114.0,xk KVX,GK,eng Premier League,25.0,1998.0,18.0,33.0,3.0,0.0,2.0,0.0,31.4,0.29,-1.6,-0.09,76.0,229.0,33.2,534.0,94.0,29.6,30.3,249.0,39.0,15.7,20.0,1.11,12.2
1883,Neto,br BRA,GK,Bournemouth,eng Premier League,35.0,1989.0,2,2,180,2.0,0,0,0,0,0,0,0,0,0.0,0.0,0.0,0.0,0,0,0,0.0,0.0,1883,br BRA,GK,eng Premier League,35.0,1989.0,2.0,0,0,0,,0.0,0.0,,,,0,0,0,0.0,0.0,,0.0,0.0,1883,br BRA,GK,eng Premier League,35.0,1989.0,2.0,40,62,64.5,1183,896,0,0.0,0.0,0.0,0,2,0,0,0,1883,br BRA,GK,eng Premier League,35.0,1989.0,2.0,62,42,19,4,0,0,0,0,0,0,0,0,40,1,0,1883,br BRA,GK,eng Premier League,35.0,1989.0,2.0,0,0.0,0,0,0,0,0,0,0,0.0,1883,br BRA,GK,eng Premier League,35.0,1989.0,2.0,0,0,0,0,0,0,,0,0,0,0,0,0,1,1,1883,br BRA,GK,eng Premier League,35.0,1989.0,2.0,70,60,70,0,0,0,70,0,0,,0,,35,148,99,0,0,0,0,0,28,0,2324,br BRA,GK,eng Premier League,35.0,1989.0,2,180,90,5.3,2.0,2,90.0,2,0,,0,1.0,2,2,0,0.0,-0.33,3.5,2.9,0.5,0.25,1883,br BRA,GK,eng Premier League,35.0,1989.0,2.0,0,0,0,0,2,0,0,0,0,0,0,0,3,0,0,,117.0,br BRA,GK,eng Premier League,35.0,1989.0,2.0,2.0,180.0,2.0,2.0,1.0,13.0,11.0,84.6,0.0,2.0,0.0,0.0,0.0,0.0,0.0,0.0,0.0,117.0,br BRA,GK,eng Premier League,35.0,1989.0,2.0,2.0,0.0,0.0,0.0,0.0,4.3,0.35,2.3,1.17,9.0,27.0,33.3,46.0,7.0,43.5,36.8,30.0,2.0,6.7,3.0,1.5,12.6
1966,Robin Olsen,se SWE,GK,Aston Villa,eng Premier League,34.0,1990.0,4,1,226,2.5,0,0,0,0,0,0,0,0,0.0,0.0,0.0,0.0,0,0,0,0.0,0.0,1966,se SWE,GK,eng Premier League,34.0,1990.0,2.5,0,0,0,,0.0,0.0,,,,0,0,0,0.0,0.0,,0.0,0.0,1966,se SWE,GK,eng Premier League,34.0,1990.0,2.5,65,101,64.4,2083,1590,0,0.0,0.0,0.0,0,4,0,0,0,1966,se SWE,GK,eng Premier League,34.0,1990.0,2.5,101,65,36,10,0,0,0,0,0,0,0,0,65,0,0,1966,se SWE,GK,eng Premier League,34.0,1990.0,2.5,2,0.8,0,2,0,0,0,0,1,0.4,1966,se SWE,GK,eng Premier League,34.0,1990.0,2.5,1,0,1,0,0,1,100.0,0,0,0,0,0,1,2,1,1966,se SWE,GK,eng Premier League,34.0,1990.0,2.5,110,94,109,1,0,0,110,0,0,,0,,50,270,132,0,0,0,0,0,46,0,2428,se SWE,GK,eng Premier League,34.0,1990.0,4,226,57,6.6,2.5,1,90.0,1,3,45.0,26,0.75,2,6,-4,-1.59,-1.9,2.5,5.5,-2.9,-1.17,1966,se SWE,GK,eng Premier League,34.0,1990.0,2.5,0,0,0,0,0,0,0,0,0,0,0,0,2,0,0,,124.0,se SWE,GK,eng Premier League,34.0,1990.0,4.0,1.0,226.0,2.5,6.0,2.39,14.0,8.0,64.3,1.0,0.0,0.0,1.0,100.0,1.0,1.0,0.0,0.0,124.0,se SWE,GK,eng Premier League,34.0,1990.0,2.5,6.0,1.0,0.0,0.0,0.0,6.3,0.4,0.3,0.12,19.0,54.0,35.2,75.0,1.0,42.7,35.9,40.0,3.0,7.5,0.0,0.0,8.6
1973,André Onana,cm CMR,GK,Manchester Utd,eng Premier League,28.0,1996.0,34,34,3060,34.0,0,0,0,0,0,0,0,0,0.0,0.0,0.2,0.2,0,1,0,0.0,0.0,1973,cm CMR,GK,eng Premier League,28.0,1996.0,34.0,0,0,0,,0.0,0.0,,,,0,0,0,0.0,0.0,,0.0,0.0,1973,cm CMR,GK,eng Premier League,28.0,1996.0,34.0,948,1306,72.6,22819,13922,0,0.2,0.2,-0.2,1,28,0,0,1,1973,cm CMR,GK,eng Premier League,28.0,1996.0,34.0,1306,1066,235,86,1,2,0,0,0,0,0,0,948,5,0,1973,cm CMR,GK,eng Premier League,28.0,1996.0,34.0,4,0.12,3,1,0,0,0,0,0,0.0,1973,cm CMR,GK,eng Premier League,28.0,1996.0,34.0,2,2,2,0,0,4,50.0,2,0,0,0,0,2,11,4,1973,cm CMR,GK,eng Premier League,28.0,1996.0,34.0,1371,1046,1350,22,0,0,1371,1,1,100.0,0,0.0,961,4851,2676,0,0,0,1,0,832,0,2438,cm CMR,GK,eng Premier League,28.0,1996.0,34,3060,90,89.5,34.0,34,90.0,34,0,,0,1.15,38,44,-6,-0.18,0.82,45.3,46.8,-1.5,-0.04,1973,cm CMR,GK,eng Premier League,28.0,1996.0,34.0,0,0,0,0,2,0,0,0,2,0,0,0,34,6,0,100.0,126.0,cm CMR,GK,eng Premier League,28.0,1996.0,34.0,34.0,3060.0,34.0,44.0,1.29,132.0,88.0,68.9,10.0,9.0,15.0,9.0,26.5,4.0,3.0,1.0,0.0,126.0,cm CMR,GK,eng Premier League,28.0,1996.0,34.0,44.0,3.0,1.0,10.0,1.0,44.0,0.31,1.0,0.03,118.0,440.0,26.8,1152.0,136.0,29.7,30.3,399.0,22.0,5.5,23.0,0.68,11.8
1993,Stefan Ortega,de GER,GK,Manchester City,eng Premier League,31.0,1992.0,13,12,1100,12.2,0,0,0,0,0,0,1,0,0.0,0.0,0.0,0.0,0,0,0,0.0,0.0,1993,de GER,GK,eng Premier League,31.0,1992.0,12.2,0,0,0,,0.0,0.0,,,,0,0,0,0.0,0.0,,0.0,0.0,1993,de GER,GK,eng Premier League,31.0,1992.0,12.2,373,459,81.3,8327,5597,0,0.0,0.0,0.0,0,6,0,0,0,1993,de GER,GK,eng Premier League,31.0,1992.0,12.2,459,388,70,21,0,2,0,0,0,0,0,0,373,1,1,1993,de GER,GK,eng Premier League,31.0,1992.0,12.2,0,0.0,0,0,0,0,0,0,0,0.0,1993,de GER,GK,eng Premier League,31.0,1992.0,12.2,0,0,0,0,0,1,0.0,1,0,0,0,0,0,11,1,1993,de GER,GK,eng Premier League,31.0,1992.0,12.2,492,383,489,3,0,0,492,0,0,,0,,323,1489,864,0,0,0,0,0,309,0,2459,de GER,GK,eng Premier League,31.0,1992.0,13,1100,85,32.2,12.2,12,90.0,12,1,20.0,25,1.69,23,18,5,0.41,-0.48,19.1,19.0,0.1,0.01,1993,de GER,GK,eng Premier League,31.0,1992.0,12.2,1,0,0,1,2,0,0,0,0,0,1,0,8,2,0,100.0,127.0,de GER,GK,eng Premier League,31.0,1992.0,13.0,12.0,1100.0,12.2,18.0,1.47,50.0,33.0,68.0,5.0,4.0,3.0,3.0,25.0,2.0,2.0,0.0,0.0,127.0,de GER,GK,eng Premier League,31.0,1992.0,12.2,18.0,2.0,1.0,1.0,1.0,16.3,0.31,-0.7,-0.06,40.0,104.0,38.5,409.0,55.0,21.5,26.7,133.0,6.0,4.5,12.0,0.98,14.3
2033,Alex Palmer,eng ENG,GK,Ipswich Town,eng Premier League,27.0,1996.0,13,13,1170,13.0,0,0,0,0,0,0,2,0,0.0,0.0,0.0,0.0,0,1,0,0.0,0.0,2033,eng ENG,GK,eng Premier League,27.0,1996.0,13.0,0,0,0,,0.0,0.0,,,,0,0,0,0.0,0.0,,0.0,0.0,2033,eng ENG,GK,eng Premier League,27.0,1996.0,13.0,299,423,70.7,8545,6103,0,0.0,0.0,0.0,1,8,0,0,1,2033,eng ENG,GK,eng Premier League,27.0,1996.0,13.0,423,287,136,42,0,0,0,0,0,0,0,0,299,0,1,2033,eng ENG,GK,eng Premier League,27.0,1996.0,13.0,3,0.23,3,0,0,0,0,0,0,0.0,2033,eng ENG,GK,eng Premier League,27.0,1996.0,13.0,0,0,0,0,0,0,,0,0,0,0,0,0,12,0,2033,eng ENG,GK,eng Premier League,27.0,1996.0,13.0,470,396,461,10,0,0,470,0,0,,0,,210,1205,750,0,0,0,2,0,170,0,2507,eng ENG,GK,eng Premier League,27.0,1996.0,13,1170,90,34.2,13.0,13,90.0,13,0,,0,0.46,13,30,-17,-1.31,-0.15,11.3,23.7,-12.4,-0.95,2033,eng ENG,GK,eng Premier League,27.0,1996.0,13.0,2,0,0,1,4,0,0,0,0,0,0,0,17,5,0,100.0,132.0,eng ENG,GK,eng Premier League,27.0,1996.0,13.0,13.0,1170.0,13.0,30.0,2.31,71.0,43.0,59.2,1.0,3.0,9.0,0.0,0.0,1.0,1.0,0.0,0.0,132.0,eng ENG,GK,eng Premier League,27.0,1996.0,13.0,30.0,1.0,0.0,9.0,2.0,25.1,0.35,-2.9,-0.22,71.0,186.0,38.2,329.0,55.0,36.8,33.9,249.0,20.0,8.0,13.0,1.0,11.5
2118,Jordan Pickford,eng ENG,GK,Everton,eng Premier League,30.0,1994.0,38,38,3420,38.0,0,1,1,0,0,0,7,0,0.0,0.0,0.4,0.4,0,0,0,0.03,0.01,2118,eng ENG,GK,eng Premier League,30.0,1994.0,38.0,0,0,0,,0.0,0.0,,,,0,0,0,0.0,0.0,,0.0,0.0,2118,eng ENG,GK,eng Premier League,30.0,1994.0,38.0,1057,1595,66.3,33692,25121,1,0.4,0.2,0.6,2,74,8,0,0,2118,eng ENG,GK,eng Premier League,30.0,1994.0,38.0,1595,1167,419,188,0,7,0,0,0,0,0,0,1057,9,0,2118,eng ENG,GK,eng Premier League,30.0,1994.0,38.0,13,0.34,12,1,0,0,0,0,2,0.05,2118,eng ENG,GK,eng Premier League,30.0,1994.0,38.0,1,0,1,0,0,2,50.0,1,0,0,0,1,2,30,2,2118,eng ENG,GK,eng Premier League,30.0,1994.0,38.0,1708,1116,1640,69,0,0,1708,0,0,,0,,989,5989,3568,0,0,0,2,0,871,0,2611,eng ENG,GK,eng Premier League,30.0,1994.0,38,3420,90,100.0,38.0,38,90.0,38,0,,0,1.26,42,44,-2,-0.05,,41.8,46.2,-4.5,-0.12,2118,eng ENG,GK,eng Premier League,30.0,1994.0,38.0,7,0,0,0,7,0,0,1,0,0,0,0,36,5,1,83.3,141.0,eng ENG,GK,eng Premier League,30.0,1994.0,38.0,38.0,3420.0,38.0,44.0,1.16,163.0,117.0,73.0,11.0,15.0,12.0,12.0,31.6,2.0,0.0,2.0,0.0,141.0,eng ENG,GK,eng Premier League,30.0,1994.0,38.0,44.0,0.0,1.0,6.0,0.0,48.8,0.3,4.8,0.13,304.0,806.0,37.7,1355.0,161.0,48.8,39.7,558.0,31.0,5.6,57.0,1.5,15.2
2138,Nick Pope,eng ENG,GK,Newcastle Utd,eng Premier League,32.0,1992.0,28,28,2520,28.0,0,0,0,0,0,0,2,0,0.0,0.0,0.0,0.0,0,1,0,0.0,0.0,2138,eng ENG,GK,eng Premier League,32.0,1992.0,28.0,0,0,0,,0.0,0.0,,,,0,0,0,0.0,0.0,,0.0,0.0,2138,eng ENG,GK,eng Premier League,32.0,1992.0,28.0,575,782,73.5,14597,8818,0,0.0,0.0,0.0,1,2,0,0,1,2138,eng ENG,GK,eng Premier League,32.0,1992.0,28.0,782,528,254,67,0,0,0,0,0,0,0,0,575,0,0,2138,eng ENG,GK,eng Premier League,32.0,1992.0,28.0,7,0.25,6,1,0,0,0,0,0,0.0,2138,eng ENG,GK,eng Premier League,32.0,1992.0,28.0,0,0,0,0,0,0,,0,1,0,1,1,1,32,5,2138,eng ENG,GK,eng Premier League,32.0,1992.0,28.0,872,688,857,15,0,0,872,0,0,,0,,439,2510,1708,0,0,0,0,1,305,0,2637,eng ENG,GK,eng Premier League,32.0,1992.0,28,2520,90,73.7,28.0,28,90.0,28,0,,3,1.61,45,35,10,0.36,-0.74,43.6,34.7,8.9,0.32,2138,eng ENG,GK,eng Premier League,32.0,1992.0,28.0,2,0,0,2,5,0,0,1,0,0,2,0,24,11,1,91.7,143.0,eng ENG,GK,eng Premier League,32.0,1992.0,28.0,28.0,2520.0,28.0,35.0,1.25,120.0,86.0,71.7,13.0,6.0,9.0,8.0,28.6,2.0,1.0,1.0,0.0,143.0,eng ENG,GK,eng Premier League,32.0,1992.0,28.0,35.0,1.0,0.0,3.0,2.0,34.8,0.28,1.8,0.06,72.0,257.0,28.0,595.0,192.0,25.7,30.7,359.0,39.0,10.9,64.0,2.29,16.0
2164,Hákon Rafn Valdimarsson,is ISL,GK,Brentford,eng Premier League,22.0,2001.0,2,1,145,1.6,0,0,0,0,0,0,0,0,0.0,0.0,0.0,0.0,0,0,0,0.0,0.0,2164,is ISL,GK,eng Premier League,22.0,2001.0,1.6,0,0,0,,0.0,0.0,,,,0,0,0,0.0,0.0,,0.0,0.0,2164,is ISL,GK,eng Premier League,22.0,2001.0,1.6,46,70,65.7,1445,1110,0,0.0,0.0,0.0,0,2,0,0,0,2164,is ISL,GK,eng Premier League,22.0,2001.0,1.6,70,50,20,4,0,0,0,0,0,0,0,0,46,0,0,2164,is ISL,GK,eng Premier League,22.0,2001.0,1.6,2,1.24,2,0,0,0,0,0,0,0.0,2164,is ISL,GK,eng Premier League,22.0,2001.0,1.6,0,0,0,0,0,0,,0,0,0,0,0,0,2,0,2164,is ISL,GK,eng Premier League,22.0,2001.0,1.6,72,60,71,1,0,0,72,0,0,,0,,44,191,80,0,0,0,0,0,36,0,2670,is ISL,GK,eng Premier League,22.0,2001.0,2,145,73,4.2,1.6,1,90.0,1,1,55.0,36,0.5,0,2,-2,-1.24,-1.54,3.1,1.5,1.7,1.03,2164,is ISL,GK,eng Premier League,22.0,2001.0,1.6,0,0,0,0,0,0,0,0,0,0,0,0,1,1,0,100.0,146.0,is ISL,GK,eng Premier League,22.0,2001.0,2.0,1.0,145.0,1.6,2.0,1.24,4.0,3.0,50.0,0.0,0.0,1.0,1.0,100.0,0.0,0.0,0.0,0.0,146.0,is ISL,GK,eng Premier League,22.0,2001.0,1.6,2.0,0.0,0.0,0.0,1.0,0.6,0.14,-0.4,-0.26,15.0,38.0,39.5,54.0,7.0,42.6,34.9,16.0,2.0,12.5,0.0,0.0,4.7
2173,Aaron Ramsdale,eng ENG,GK,Southampton,eng Premier League,26.0,1998.0,30,30,2700,30.0,0,0,0,0,0,0,2,0,0.0,0.0,0.0,0.0,0,0,0,0.0,0.0,2173,eng ENG,GK,eng Premier League,26.0,1998.0,30.0,0,0,0,,0.0,0.0,,,,0,0,0,0.0,0.0,,0.0,0.0,2173,eng ENG,GK,eng Premier League,26.0,1998.0,30.0,774,1223,63.3,21949,16992,0,0.0,0.1,0.0,0,36,1,0,0,2173,eng ENG,GK,eng Premier League,26.0,1998.0,30.0,1223,918,298,108,0,4,0,0,0,0,0,0,774,7,1,2173,eng ENG,GK,eng Premier League,26.0,1998.0,30.0,3,0.1,2,1,0,0,0,0,0,0.0,2173,eng ENG,GK,eng Premier League,26.0,1998.0,30.0,0,0,0,0,0,3,0.0,3,0,0,0,2,2,10,3,2173,eng ENG,GK,eng Premier League,26.0,1998.0,30.0,1314,946,1286,32,0,0,1314,0,0,,0,,786,4017,2349,0,0,0,3,0,702,0,2683,eng ENG,GK,eng Premier League,26.0,1998.0,30,2700,90,78.9,30.0,30,90.0,30,0,,0,0.37,21,66,-45,-1.5,0.38,25.0,64.9,-39.8,-1.33,2173,eng ENG,GK,eng Premier League,26.0,1998.0,30.0,2,0,0,1,4,0,0,2,0,0,0,0,23,6,0,100.0,148.0,eng ENG,GK,eng Premier League,26.0,1998.0,30.0,30.0,2700.0,30.0,66.0,2.2,188.0,120.0,67.6,2.0,5.0,23.0,3.0,10.0,7.0,5.0,2.0,0.0,148.0,eng ENG,GK,eng Premier League,26.0,1998.0,30.0,66.0,5.0,0.0,10.0,0.0,63.5,0.32,-2.5,-0.08,196.0,605.0,32.4,1026.0,129.0,44.6,36.0,457.0,25.0,5.5,20.0,0.67,11.7
2187,David Raya,es ESP,GK,Arsenal,eng Premier League,28.0,1995.0,38,38,3420,38.0,0,0,0,0,0,0,3,0,0.0,0.0,0.0,0.0,0,14,0,0.0,0.0,2187,es ESP,GK,eng Premier League,28.0,1995.0,38.0,0,0,0,,0.0,0.0,,,,0,0,0,0.0,0.0,,0.0,0.0,2187,es ESP,GK,eng Premier League,28.0,1995.0,38.0,1040,1413,73.6,24784,17222,0,0.0,0.1,0.0,1,45,3,0,14,2187,es ESP,GK,eng Premier League,28.0,1995.0,38.0,1413,1172,238,91,0,3,0,0,0,0,0,0,1040,3,0,2187,es ESP,GK,eng Premier League,28.0,1995.0,38.0,5,0.13,4,1,0,0,0,0,1,0.03,2187,es ESP,GK,eng Premier League,28.0,1995.0,38.0,0,0,0,0,0,2,0.0,2,0,0,0,2,2,21,9,2187,es ESP,GK,eng Premier League,28.0,1995.0,38.0,1480,880,1388,92,0,0,1480,1,1,100.0,0,0.0,921,4542,2729,0,0,0,1,0,841,0,2699,es ESP,GK,eng Premier League,28.0,1995.0,38,3420,90,100.0,38.0,38,90.0,38,0,,0,1.95,69,34,35,0.92,,59.9,34.4,25.5,0.67,2187,es ESP,GK,eng Premier League,28.0,1995.0,38.0,3,0,0,1,10,0,0,2,0,0,1,0,41,13,0,100.0,150.0,es ESP,GK,eng Premier League,28.0,1995.0,38.0,38.0,3420.0,38.0,34.0,0.89,120.0,86.0,74.2,20.0,14.0,4.0,13.0,34.2,3.0,3.0,0.0,0.0,150.0,es ESP,GK,eng Premier League,28.0,1995.0,38.0,34.0,3.0,2.0,8.0,0.0,35.1,0.28,1.1,0.03,149.0,478.0,31.2,1263.0,178.0,29.9,29.9,402.0,53.0,13.2,66.0,1.74,17.2
2282,José Sá,pt POR,GK,Wolves,eng Premier League,31.0,1993.0,29,29,2609,29.0,0,0,0,0,0,0,2,0,0.0,0.0,0.2,0.2,0,2,0,0.0,0.01,2282,pt POR,GK,eng Premier League,31.0,1993.0,29.0,0,0,0,,0.0,0.0,,,,0,0,0,0.0,0.0,,0.0,0.0,2282,pt POR,GK,eng Premier League,31.0,1993.0,29.0,592,924,64.1,15334,10381,0,0.2,0.0,-0.2,3,22,1,0,2,2282,pt POR,GK,eng Premier League,31.0,1993.0,29.0,924,706,215,65,1,0,0,0,0,0,0,0,592,3,1,2282,pt POR,GK,eng Premier League,31.0,1993.0,29.0,5,0.17,5,0,0,0,0,0,0,0.0,2282,pt POR,GK,eng Premier League,31.0,1993.0,29.0,2,2,2,0,0,2,100.0,0,0,0,0,0,2,15,1,2282,pt POR,GK,eng Premier League,31.0,1993.0,29.0,985,785,976,10,0,0,985,8,8,100.0,0,0.0,630,3790,2483,0,0,0,1,0,485,0,2815,pt POR,GK,eng Premier League,31.0,1993.0,29,2609,90,76.3,29.0,29,90.0,28,0,,4,1.31,42,48,-6,-0.21,0.79,35.2,42.0,-6.8,-0.23,2282,pt POR,GK,eng Premier League,31.0,1993.0,29.0,2,0,0,4,9,0,0,0,2,0,4,0,37,11,1,91.7,160.0,pt POR,GK,eng Premier League,31.0,1993.0,29.0,29.0,2609.0,29.0,48.0,1.66,117.0,69.0,63.2,11.0,5.0,13.0,7.0,24.1,7.0,5.0,2.0,0.0,160.0,pt POR,GK,eng Premier League,31.0,1993.0,29.0,48.0,5.0,1.0,6.0,2.0,42.8,0.33,-3.2,-0.11,94.0,382.0,24.6,771.0,121.0,39.3,35.2,432.0,32.0,7.4,43.0,1.48,15.5
2332,Robert Sánchez,es ESP,GK,Chelsea,eng Premier League,26.0,1997.0,32,32,2880,32.0,0,0,0,0,0,0,5,0,0.0,0.0,0.1,0.1,0,1,0,0.0,0.0,2332,es ESP,GK,eng Premier League,26.0,1997.0,32.0,0,0,0,,0.0,0.0,,,,0,0,0,0.0,0.0,,0.0,0.0,2332,es ESP,GK,eng Premier League,26.0,1997.0,32.0,871,1249,69.7,21022,13967,0,0.1,0.0,-0.1,2,26,1,0,1,2332,es ESP,GK,eng Premier League,26.0,1997.0,32.0,1249,1086,156,74,0,6,0,0,0,0,0,0,871,7,1,2332,es ESP,GK,eng Premier League,26.0,1997.0,32.0,7,0.22,6,1,0,0,0,0,2,0.06,2332,es ESP,GK,eng Premier League,26.0,1997.0,32.0,0,0,0,0,0,1,0.0,1,0,0,0,2,2,24,10,2332,es ESP,GK,eng Premier League,26.0,1997.0,32.0,1323,980,1311,12,0,0,1323,0,0,,0,,881,4456,2852,0,0,0,0,0,822,0,2876,es ESP,GK,eng Premier League,26.0,1997.0,32,2880,90,84.2,32.0,32,90.0,32,0,,6,1.88,52,34,18,0.56,0.06,53.8,38.5,15.3,0.48,2332,es ESP,GK,eng Premier League,26.0,1997.0,32.0,5,0,0,2,4,0,0,2,0,0,2,0,43,12,0,100.0,164.0,es ESP,GK,eng Premier League,26.0,1997.0,32.0,32.0,2880.0,32.0,34.0,1.06,127.0,92.0,76.4,17.0,9.0,6.0,10.0,31.3,5.0,4.0,1.0,0.0,164.0,es ESP,GK,eng Premier League,26.0,1997.0,32.0,34.0,4.0,0.0,4.0,0.0,35.7,0.25,1.7,0.05,98.0,424.0,23.1,1160.0,190.0,33.3,33.4,370.0,47.0,12.7,57.0,1.78,14.5
2392,Matz Sels,be BEL,GK,Nott'ham Forest,eng Premier League,32.0,1992.0,38,38,3420,38.0,0,0,0,0,0,0,4,0,0.0,0.0,0.4,0.4,1,2,0,0.0,0.01,2392,be BEL,GK,eng Premier League,32.0,1992.0,38.0,0,0,0,,0.0,0.0,,,,0,0,0,0.0,0.0,,0.0,0.0,2392,be BEL,GK,eng Premier League,32.0,1992.0,38.0,519,998,52.0,19289,16407,0,0.4,0.3,-0.4,2,45,4,0,2,2392,be BEL,GK,eng Premier League,32.0,1992.0,38.0,998,610,375,105,0,0,0,0,0,0,0,0,519,13,0,2392,be BEL,GK,eng Premier League,32.0,1992.0,38.0,6,0.16,3,3,0,0,0,0,0,0.0,2392,be BEL,GK,eng Premier League,32.0,1992.0,38.0,1,1,1,0,0,1,100.0,0,0,0,0,0,1,26,1,2392,be BEL,GK,eng Premier League,32.0,1992.0,38.0,1102,833,1082,20,0,0,1102,0,0,,0,,528,3230,1697,1,1,1,0,0,426,0,2947,be BEL,GK,eng Premier League,32.0,1992.0,38,3420,90,100.0,38.0,38,90.0,38,0,,0,1.71,58,46,12,0.32,,45.5,48.9,-3.4,-0.09,2392,be BEL,GK,eng Premier League,32.0,1992.0,38.0,4,0,0,1,10,0,0,0,1,0,1,0,17,15,2,88.2,171.0,be BEL,GK,eng Premier League,32.0,1992.0,38.0,38.0,3420.0,38.0,46.0,1.21,165.0,119.0,73.9,19.0,8.0,11.0,13.0,34.2,3.0,3.0,0.0,0.0,171.0,be BEL,GK,eng Premier League,32.0,1992.0,38.0,46.0,3.0,1.0,5.0,0.0,49.1,0.29,3.1,0.08,244.0,698.0,35.0,715.0,83.0,68.4,44.7,710.0,19.0,2.7,12.0,0.32,8.7
2498,Jason Steele,eng ENG,GK,Brighton,eng Premier League,33.0,1990.0,2,2,180,2.0,0,0,0,0,0,0,0,0,0.0,0.0,0.0,0.0,0,0,0,0.0,0.0,2498,eng ENG,GK,eng Premier League,33.0,1990.0,2.0,0,0,0,,0.0,0.0,,,,0,0,0,0.0,0.0,,0.0,0.0,2498,eng ENG,GK,eng Premier League,33.0,1990.0,2.0,101,112,90.2,2321,1556,0,0.0,0.0,0.0,0,0,0,0,0,2498,eng ENG,GK,eng Premier League,33.0,1990.0,2.0,112,104,8,6,0,0,0,0,0,0,0,0,101,0,0,2498,eng ENG,GK,eng Premier League,33.0,1990.0,2.0,0,0.0,0,0,0,0,0,0,0,0.0,2498,eng ENG,GK,eng Premier League,33.0,1990.0,2.0,0,0,0,0,0,0,,0,0,0,0,0,0,1,0,2498,eng ENG,GK,eng Premier League,33.0,1990.0,2.0,114,107,114,0,0,0,114,0,0,,0,,91,361,151,0,0,0,0,0,83,0,3080,eng ENG,GK,eng Premier League,33.0,1990.0,2,180,90,5.3,2.0,2,90.0,2,0,,24,3.0,5,1,4,2.0,1.92,3.5,1.9,1.6,0.82,2498,eng ENG,GK,eng Premier League,33.0,1990.0,2.0,0,0,0,0,1,0,0,0,0,0,0,0,7,1,1,50.0,186.0,eng ENG,GK,eng Premier League,33.0,1990.0,2.0,2.0,180.0,2.0,1.0,0.5,4.0,3.0,75.0,2.0,0.0,0.0,1.0,50.0,0.0,0.0,0.0,0.0,186.0,eng ENG,GK,eng Premier League,33.0,1990.0,2.0,1.0,0.0,0.0,0.0,0.0,0.5,0.12,-0.5,-0.26,7.0,16.0,43.8,110.0,7.0,13.6,25.1,22.0,2.0,9.1,3.0,1.5,15.4
2511,Jakub Stolarczyk,pl POL,GK,Leicester City,eng Premier League,23.0,2000.0,10,10,900,10.0,0,0,0,0,0,0,1,0,0.0,0.0,0.0,0.0,0,1,0,0.0,0.0,2511,pl POL,GK,eng Premier League,23.0,2000.0,10.0,0,0,0,,0.0,0.0,,,,0,0,0,0.0,0.0,,0.0,0.0,2511,pl POL,GK,eng Premier League,23.0,2000.0,10.0,238,386,61.7,6215,4560,0,0.0,0.0,0.0,0,2,0,0,1,2511,pl POL,GK,eng Premier League,23.0,2000.0,10.0,386,286,100,42,0,1,0,0,0,0,0,0,238,0,1,2511,pl POL,GK,eng Premier League,23.0,2000.0,10.0,0,0.0,0,0,0,0,0,0,0,0.0,2511,pl POL,GK,eng Premier League,23.0,2000.0,10.0,2,1,2,0,0,2,50.0,1,0,0,0,0,2,6,1,2511,pl POL,GK,eng Premier League,23.0,2000.0,10.0,411,309,406,6,0,0,411,0,0,,0,,221,983,595,0,0,0,1,0,225,0,3095,pl POL,GK,eng Premier League,23.0,2000.0,10,900,90,26.3,10.0,10,90.0,10,0,,11,1.0,10,16,-6,-0.6,0.86,9.4,14.4,-5.0,-0.5,2511,pl POL,GK,eng Premier League,23.0,2000.0,10.0,1,0,0,0,0,0,0,0,1,0,0,0,8,5,0,100.0,187.0,pl POL,GK,eng Premier League,23.0,2000.0,10.0,10.0,900.0,10.0,16.0,1.6,44.0,28.0,63.6,3.0,1.0,6.0,2.0,20.0,0.0,0.0,0.0,0.0,187.0,pl POL,GK,eng Premier League,23.0,2000.0,10.0,16.0,0.0,0.0,2.0,0.0,15.4,0.35,-0.6,-0.06,57.0,195.0,29.2,328.0,36.0,46.3,34.2,169.0,10.0,5.9,8.0,0.8,12.5
2629,Mark Travers,ie IRL,GK,Bournemouth,eng Premier League,25.0,1999.0,5,5,450,5.0,0,0,0,0,0,0,0,0,0.0,0.0,0.0,0.0,0,0,0,0.0,0.0,2629,ie IRL,GK,eng Premier League,25.0,1999.0,5.0,0,0,0,,0.0,0.0,,,,0,0,0,0.0,0.0,,0.0,0.0,2629,ie IRL,GK,eng Premier League,25.0,1999.0,5.0,100,142,70.4,3469,2692,0,0.0,0.0,0.0,0,3,0,0,0,2629,ie IRL,GK,eng Premier League,25.0,1999.0,5.0,142,95,47,8,0,0,0,0,0,0,0,0,100,0,0,2629,ie IRL,GK,eng Premier League,25.0,1999.0,5.0,0,0.0,0,0,0,0,0,0,0,0.0,2629,ie IRL,GK,eng Premier League,25.0,1999.0,5.0,0,0,0,0,0,0,,0,0,0,0,0,0,5,0,2629,ie IRL,GK,eng Premier League,25.0,1999.0,5.0,162,144,159,3,0,0,162,0,0,,0,,85,426,188,0,0,0,0,0,68,0,3232,ie IRL,GK,eng Premier League,25.0,1999.0,5,450,90,13.2,5.0,5,90.0,5,0,,18,1.6,6,5,1,0.2,-0.13,7.0,7.3,-0.2,-0.05,2629,ie IRL,GK,eng Premier League,25.0,1999.0,5.0,0,0,0,0,1,0,0,0,0,0,0,0,3,1,0,100.0,195.0,ie IRL,GK,eng Premier League,25.0,1999.0,5.0,5.0,450.0,5.0,5.0,1.0,25.0,20.0,80.0,2.0,2.0,1.0,1.0,20.0,0.0,0.0,0.0,0.0,195.0,ie IRL,GK,eng Premier League,25.0,1999.0,5.0,5.0,0.0,1.0,1.0,0.0,9.5,0.38,4.5,0.89,33.0,73.0,45.2,103.0,29.0,41.7,36.3,63.0,1.0,1.6,5.0,1.0,12.9
2695,Bart Verbruggen,nl NED,GK,Brighton,eng Premier League,21.0,2002.0,36,36,3240,36.0,0,1,1,0,0,0,5,0,0.0,0.0,0.0,0.0,0,2,0,0.03,0.0,2695,nl NED,GK,eng Premier League,21.0,2002.0,36.0,0,0,0,,0.0,0.0,,,,0,0,0,0.0,0.0,,0.0,0.0,2695,nl NED,GK,eng Premier League,21.0,2002.0,36.0,1011,1315,76.9,23986,16175,1,0.0,0.0,1.0,1,20,1,0,2,2695,nl NED,GK,eng Premier League,21.0,2002.0,36.0,1315,1164,145,62,0,0,0,0,0,0,0,0,1011,6,2,2695,nl NED,GK,eng Premier League,21.0,2002.0,36.0,5,0.14,5,0,0,0,0,0,1,0.03,2695,nl NED,GK,eng Premier League,21.0,2002.0,36.0,0,0,0,0,0,3,0.0,3,1,0,1,0,0,29,5,2695,nl NED,GK,eng Premier League,21.0,2002.0,36.0,1406,1109,1392,14,0,0,1406,2,2,100.0,0,0.0,955,3507,1804,0,1,1,2,0,909,0,3314,nl NED,GK,eng Premier League,21.0,2002.0,36,3240,90,94.7,36.0,36,90.0,36,0,,0,1.53,61,58,3,0.08,-1.92,55.2,52.7,2.5,0.07,2695,nl NED,GK,eng Premier League,21.0,2002.0,36.0,5,0,0,0,2,0,0,0,0,0,0,0,59,10,1,90.9,202.0,nl NED,GK,eng Premier League,21.0,2002.0,36.0,36.0,3240.0,36.0,58.0,1.61,143.0,87.0,65.7,14.0,13.0,9.0,7.0,19.4,9.0,9.0,0.0,0.0,202.0,nl NED,GK,eng Premier League,21.0,2002.0,36.0,58.0,9.0,1.0,4.0,2.0,51.0,0.31,-5.0,-0.14,122.0,386.0,31.6,1226.0,122.0,26.9,29.7,414.0,27.0,6.5,47.0,1.31,13.9
2703,Guglielmo Vicario,it ITA,GK,Tottenham,eng Premier League,27.0,1996.0,24,24,2160,24.0,0,0,0,0,0,0,1,0,0.0,0.0,0.0,0.0,0,1,0,0.0,0.0,2703,it ITA,GK,eng Premier League,27.0,1996.0,24.0,0,0,0,,0.0,0.0,,,,0,0,0,0.0,0.0,,0.0,0.0,2703,it ITA,GK,eng Premier League,27.0,1996.0,24.0,764,874,87.4,15137,8856,0,0.0,0.0,0.0,0,2,0,0,1,2703,it ITA,GK,eng Premier League,27.0,1996.0,24.0,874,773,101,36,0,1,0,0,0,0,0,0,764,0,2,2703,it ITA,GK,eng Premier League,27.0,1996.0,24.0,4,0.17,4,0,0,0,0,0,0,0.0,2703,it ITA,GK,eng Premier League,27.0,1996.0,24.0,0,0,0,0,0,0,,0,0,0,0,1,1,14,6,2703,it ITA,GK,eng Premier League,27.0,1996.0,24.0,928,626,910,18,0,0,928,1,1,100.0,0,0.0,661,3067,1700,0,0,0,0,0,597,0,3323,it ITA,GK,eng Premier League,27.0,1996.0,24,2160,90,63.2,24.0,24,90.0,24,0,,2,1.25,43,37,6,0.25,0.75,41.8,33.2,8.6,0.36,2703,it ITA,GK,eng Premier League,27.0,1996.0,24.0,1,0,0,0,2,0,0,1,0,0,0,0,32,9,0,100.0,203.0,it ITA,GK,eng Premier League,27.0,1996.0,24.0,24.0,2160.0,24.0,37.0,1.54,102.0,67.0,64.7,9.0,3.0,12.0,4.0,16.7,1.0,1.0,0.0,0.0,203.0,it ITA,GK,eng Premier League,27.0,1996.0,24.0,37.0,1.0,0.0,6.0,2.0,37.4,0.36,2.4,0.1,28.0,95.0,29.5,809.0,120.0,10.5,22.8,312.0,30.0,9.6,31.0,1.29,13.3
2741,Christian Walton,eng ENG,GK,Ipswich Town,eng Premier League,28.0,1995.0,7,7,630,7.0,0,0,0,0,0,0,0,0,0.0,0.0,0.0,0.0,0,0,0,0.0,0.0,2741,eng ENG,GK,eng Premier League,28.0,1995.0,7.0,0,0,0,,0.0,0.0,,,,0,0,0,0.0,0.0,,0.0,0.0,2741,eng ENG,GK,eng Premier League,28.0,1995.0,7.0,177,255,69.4,4784,3409,0,0.0,0.0,0.0,1,3,0,0,0,2741,eng ENG,GK,eng Premier League,28.0,1995.0,7.0,255,185,70,19,0,0,0,0,0,0,0,0,177,0,0,2741,eng ENG,GK,eng Premier League,28.0,1995.0,7.0,2,0.29,1,1,0,0,0,0,0,0.0,2741,eng ENG,GK,eng Premier League,28.0,1995.0,7.0,0,0,0,0,0,1,0.0,1,0,0,0,0,0,2,1,2741,eng ENG,GK,eng Premier League,28.0,1995.0,7.0,272,248,271,1,0,0,272,0,0,,0,,143,699,384,0,0,0,0,0,131,0,3372,eng ENG,GK,eng Premier League,28.0,1995.0,7,630,90,18.4,7.0,7,90.0,7,0,,27,0.57,6,19,-13,-1.86,-0.79,5.6,13.8,-8.2,-1.17,2741,eng ENG,GK,eng Premier League,28.0,1995.0,7.0,0,0,0,0,1,0,0,0,0,0,0,0,6,2,0,100.0,207.0,eng ENG,GK,eng Premier League,28.0,1995.0,7.0,7.0,630.0,7.0,19.0,2.71,39.0,20.0,56.4,1.0,1.0,5.0,1.0,14.3,2.0,2.0,0.0,0.0,207.0,eng ENG,GK,eng Premier League,28.0,1995.0,7.0,19.0,2.0,0.0,0.0,0.0,17.1,0.4,-1.9,-0.28,42.0,116.0,36.2,204.0,35.0,42.6,34.3,111.0,12.0,10.8,2.0,0.29,8.2
2746,Danny Ward,wls WAL,GK,Leicester City,eng Premier League,31.0,1993.0,2,1,135,1.5,0,0,0,0,0,0,0,0,0.0,0.0,0.0,0.0,0,0,0,0.0,0.0,2746,wls WAL,GK,eng Premier League,31.0,1993.0,1.5,0,0,0,,0.0,0.0,,,,0,0,0,0.0,0.0,,0.0,0.0,2746,wls WAL,GK,eng Premier League,31.0,1993.0,1.5,41,53,77.4,1162,949,0,0.0,0.0,0.0,0,2,0,0,0,2746,wls WAL,GK,eng Premier League,31.0,1993.0,1.5,53,46,7,0,0,0,0,0,0,0,0,0,41,0,0,2746,wls WAL,GK,eng Premier League,31.0,1993.0,1.5,0,0.0,0,0,0,0,0,0,0,0.0,2746,wls WAL,GK,eng Premier League,31.0,1993.0,1.5,0,0,0,0,0,0,,0,0,0,0,0,0,1,0,2746,wls WAL,GK,eng Premier League,31.0,1993.0,1.5,55,40,55,0,0,0,55,1,0,0.0,1,100.0,44,176,107,0,0,0,0,0,35,0,3377,wls WAL,GK,eng Premier League,31.0,1993.0,2,135,68,3.9,1.5,1,90.0,1,1,45.0,14,0.0,0,6,-6,-4.0,-2.88,0.9,3.4,-2.5,-1.7,2746,wls WAL,GK,eng Premier League,31.0,1993.0,1.5,0,0,0,0,0,0,0,0,0,0,0,0,1,0,0,,208.0,wls WAL,GK,eng Premier League,31.0,1993.0,2.0,1.0,135.0,1.5,6.0,4.0,10.0,4.0,40.0,0.0,0.0,1.0,0.0,0.0,0.0,0.0,0.0,0.0,208.0,wls WAL,GK,eng Premier League,31.0,1993.0,1.5,6.0,0.0,0.0,0.0,0.0,2.8,0.28,-3.2,-2.11,10.0,22.0,45.5,46.0,9.0,37.0,32.0,11.0,0.0,0.0,2.0,1.33,20.7
